<application>
  <component name="CodeInsightSettings">
    <option name="REFORMAT_ON_PASTE" value="1" />
    <option name="INDENT_TO_CARET_ON_PASTE" value="true" />
  </component>
  <component name="EditorSettings">
    <option name="languageBreadcrumbsMap">
      <map>
        <entry key="TypeScript" value="true" />
      </map>
    </option>
    <option name="USE_SOFT_WRAPS" value="" />
    <option name="SOFT_WRAP_FILE_MASKS" value="*.md; *.txt; *.rst; *.adoc; *.ts; *.html; *.css; *.scss" />
    <option name="IS_ENSURE_NEWLINE_AT_EOF" value="true" />
    <option name="IS_RIGHT_MARGIN_SHOWN" value="false" />
    <option name="IS_FOLDING_OUTLINE_SHOWN" value="false" />
    <option name="SHOW_BREADCRUMBS_ABOVE" value="true" />
    <option name="SHOW_INTENTION_PREVIEW" value="true" />
    <option name="IS_ALL_SOFTWRAPS_SHOWN" value="true" />
  </component>
  <component name="InlayHintsSettings">
    <option name="disabledHintProviderIds">
      <set>
        <option value="TypeScript.ts.chain.hints" />
        <option value="TypeScript.ts.type.hints" />
      </set>
    </option>
    <option name="lastViewedProviderKeyId" value="parameter.hints.old" />
  </component>
  <component name="TodoConfiguration">
    <pattern pattern="\b(todo|fixme)\b.*" />
    <pattern icon="important" useCustomColors="true" case-sensitive="true" pattern="DEBUG ONLY - DELETE">
      <option name="FOREGROUND" value="268bd2" />
      <option name="FONT_TYPE" value="1" />
      <option name="ERROR_STRIPE_COLOR" value="54aae3" />
    </pattern>
    <pattern case-sensitive="true" pattern="DELETE - DEBUG ONLY" />
    <pattern case-sensitive="true" pattern="todo\(doubravskytomas\)" />
    <filter name="DEBUG">
      <pattern index="1" />
      <pattern index="2" />
    </filter>
    <filter name="doubrtom">
      <pattern index="3" />
    </filter>
  </component>
</application>