<application>
  <component name="FeatureSuggesterSettings">
    <option name="workingDays">
      <list>
        <option value="1650356076854" />
        <option value="1650442043121" />
        <option value="1650529392594" />
        <option value="1650579228298" />
        <option value="1650732006553" />
        <option value="1650838537800" />
        <option value="1650962103456" />
        <option value="1651011099433" />
        <option value="1651096805124" />
        <option value="1651185689611" />
        <option value="1651269696644" />
        <option value="1651356000155" />
        <option value="1651442401180" />
        <option value="1651528801684" />
        <option value="1651616993616" />
        <option value="1651701831934" />
        <option value="1651794561661" />
        <option value="1651874407164" />
        <option value="1652012242318" />
      </list>
    </option>
  </component>
</application>