<application>
  <component name="GraziConfig">
    <option name="userDisabledRules">
      <set>
        <option value="LanguageTool.EN.UNLIKELY_OPENING_PUNCTUATION" />
      </set>
    </option>
    <option name="suppressingContext">
      <SuppressingContext>
        <option name="suppressed">
          <set>
            <option value="space - time" />
            <option value="typer.echo" />
          </set>
        </option>
      </SuppressingContext>
    </option>
  </component>
</application>