<keymap version="1" name="Mac OS X 10.5+ copy" parent="Mac OS X 10.5+">
  <action id="ActivateBitbucketPullRequestsToolWindow">
    <keyboard-shortcut first-keystroke="meta alt 4" />
  </action>
  <action id="ActivateCommitToolWindow" />
  <action id="ActivateFavoritesToolWindow">
    <keyboard-shortcut first-keystroke="meta 3" />
  </action>
  <action id="ActivateFindToolWindow" />
  <action id="ActivateRunToolWindow">
    <keyboard-shortcut first-keystroke="meta 7" />
  </action>
  <action id="ActivateStructureToolWindow">
    <keyboard-shortcut first-keystroke="meta 2" />
  </action>
  <action id="ActivateTerminalToolWindow">
    <keyboard-shortcut first-keystroke="meta 9" />
  </action>
  <action id="ActivateVersionControlToolWindow">
    <keyboard-shortcut first-keystroke="meta 4" />
  </action>
  <action id="Annotate">
    <keyboard-shortcut first-keystroke="meta alt a" />
  </action>
  <action id="AutoIndentLines" />
  <action id="BaseOnThisFunction" />
  <action id="Bitbucket.CommitRelatedPullRequests">
    <keyboard-shortcut first-keystroke="shift meta alt f" />
  </action>
  <action id="Bitbucket.CreatePullRequest" />
  <action id="Bitbucket.OpenFileInBitbucket">
    <keyboard-shortcut first-keystroke="shift meta alt b" />
  </action>
  <action id="ChangesView.AddUnversioned" />
  <action id="ChangesView.Diff" />
  <action id="ChangesView.GroupBy.Directory" />
  <action id="ChangesView.Move" />
  <action id="CheckinProject">
    <keyboard-shortcut first-keystroke="meta alt k" />
  </action>
  <action id="CloseProject">
    <keyboard-shortcut first-keystroke="alt q" />
  </action>
  <action id="CollapseBlock" />
  <action id="CollapseDocComments">
    <keyboard-shortcut first-keystroke="shift alt minus" />
  </action>
  <action id="CommentByBlockComment">
    <keyboard-shortcut first-keystroke="meta alt slash" />
    <keyboard-shortcut first-keystroke="meta alt divide" />
    <keyboard-shortcut first-keystroke="shift ctrl slash" />
    <keyboard-shortcut first-keystroke="shift ctrl divide" />
    <keyboard-shortcut first-keystroke="shift meta divide" />
    <keyboard-shortcut first-keystroke="shift meta divide" />
  </action>
  <action id="CompareTwoFiles" />
  <action id="Console.TableResult.CloneRow" />
  <action id="Console.TableResult.CompareCells" />
  <action id="Console.TableResult.DeleteRows">
    <keyboard-shortcut first-keystroke="meta back_space" />
    <keyboard-shortcut first-keystroke="meta d" />
  </action>
  <action id="Console.TableResult.EditFilterCriteria" />
  <action id="Console.TableResult.NavigateAction">
    <keyboard-shortcut first-keystroke="f4" />
  </action>
  <action id="Console.TableResult.Reload" />
  <action id="DatabaseView.CopyAction" />
  <action id="DatabaseView.OpenDdlInConsole" />
  <action id="DatabaseView.PropertiesAction" />
  <action id="DatabaseView.SqlGenerator" />
  <action id="Debug" />
  <action id="DecrementWindowHeight" />
  <action id="Diagram.DeselectAll" />
  <action id="Diff.NextChange">
    <keyboard-shortcut first-keystroke="shift ctrl close_bracket" />
  </action>
  <action id="Diff.PrevChange">
    <keyboard-shortcut first-keystroke="shift ctrl open_bracket" />
  </action>
  <action id="Diff.ShowDiff" />
  <action id="Diff.ShowSettingsPopup" />
  <action id="DuplicatesForm.SendToRight" />
  <action id="EditSource">
    <keyboard-shortcut first-keystroke="f4" />
  </action>
  <action id="EditorAddCaretPerSelectedLine">
    <keyboard-shortcut first-keystroke="shift alt g" />
    <keyboard-shortcut first-keystroke="shift meta l" />
  </action>
  <action id="EditorBackwardParagraph">
    <keyboard-shortcut first-keystroke="alt quote" />
  </action>
  <action id="EditorBackwardParagraphWithSelection">
    <keyboard-shortcut first-keystroke="shift alt quote" />
  </action>
  <action id="EditorCloneCaretAbove">
    <keyboard-shortcut first-keystroke="ctrl meta k" />
  </action>
  <action id="EditorCloneCaretBelow">
    <keyboard-shortcut first-keystroke="shift meta j" />
    <keyboard-shortcut first-keystroke="ctrl meta j" />
  </action>
  <action id="EditorCompleteStatement">
    <keyboard-shortcut first-keystroke="shift meta enter" />
    <keyboard-shortcut first-keystroke="shift meta semicolon" />
  </action>
  <action id="EditorCutLineEnd" />
  <action id="EditorDeleteLine">
    <keyboard-shortcut first-keystroke="meta back_space" />
    <keyboard-shortcut first-keystroke="meta d" />
  </action>
  <action id="EditorDown">
    <keyboard-shortcut first-keystroke="down" />
    <keyboard-shortcut first-keystroke="ctrl j" />
    <keyboard-shortcut first-keystroke="ctrl n" />
  </action>
  <action id="EditorDuplicate" />
  <action id="EditorDuplicateLines">
    <keyboard-shortcut first-keystroke="shift meta d" />
  </action>
  <action id="EditorForwardParagraph">
    <keyboard-shortcut first-keystroke="alt slash" />
  </action>
  <action id="EditorForwardParagraphWithSelection">
    <keyboard-shortcut first-keystroke="shift alt slash" />
  </action>
  <action id="EditorLeft">
    <keyboard-shortcut first-keystroke="left" />
    <keyboard-shortcut first-keystroke="ctrl b" />
    <keyboard-shortcut first-keystroke="ctrl h" />
  </action>
  <action id="EditorRight">
    <keyboard-shortcut first-keystroke="right" />
    <keyboard-shortcut first-keystroke="ctrl f" />
    <keyboard-shortcut first-keystroke="ctrl l" />
  </action>
  <action id="EditorScrollDown">
    <keyboard-shortcut first-keystroke="shift ctrl down" />
  </action>
  <action id="EditorScrollToCenter">
    <keyboard-shortcut first-keystroke="ctrl l" />
    <keyboard-shortcut first-keystroke="meta l" />
  </action>
  <action id="EditorScrollUp">
    <keyboard-shortcut first-keystroke="shift ctrl up" />
  </action>
  <action id="EditorSelectWord">
    <keyboard-shortcut first-keystroke="alt up" />
    <keyboard-shortcut first-keystroke="alt k" />
  </action>
  <action id="EditorTextEnd">
    <keyboard-shortcut first-keystroke="meta end" />
    <keyboard-shortcut first-keystroke="meta down" />
  </action>
  <action id="EditorTextEndWithSelection">
    <keyboard-shortcut first-keystroke="shift meta end" />
    <keyboard-shortcut first-keystroke="shift meta down" />
  </action>
  <action id="EditorTextStart">
    <keyboard-shortcut first-keystroke="meta home" />
    <keyboard-shortcut first-keystroke="meta up" />
  </action>
  <action id="EditorTextStartWithSelection">
    <keyboard-shortcut first-keystroke="shift meta home" />
    <keyboard-shortcut first-keystroke="shift meta up" />
  </action>
  <action id="EditorToggleCase" />
  <action id="EditorUnSelectWord">
    <keyboard-shortcut first-keystroke="alt down" />
    <keyboard-shortcut first-keystroke="alt j" />
  </action>
  <action id="EditorUp">
    <keyboard-shortcut first-keystroke="up" />
    <keyboard-shortcut first-keystroke="ctrl p" />
    <keyboard-shortcut first-keystroke="ctrl k" />
  </action>
  <action id="ExpandDocComments">
    <keyboard-shortcut first-keystroke="shift alt equals" />
  </action>
  <action id="FileChooser.GotoDesktop" />
  <action id="FileChooser.GotoModule" />
  <action id="FileChooser.GotoProject" />
  <action id="FileStructurePopup">
    <keyboard-shortcut first-keystroke="meta f12" />
    <keyboard-shortcut first-keystroke="shift meta 2" />
  </action>
  <action id="FindUsages">
    <keyboard-shortcut first-keystroke="alt f7" />
    <keyboard-shortcut first-keystroke="shift meta u" />
  </action>
  <action id="FindWordAtCaret">
    <keyboard-shortcut first-keystroke="meta alt g" />
  </action>
  <action id="Git.Branches">
    <keyboard-shortcut first-keystroke="meta alt f" />
  </action>
  <action id="Git.Commit.And.Push.Executor" />
  <action id="Git.Stage.Add" />
  <action id="GotoAction">
    <keyboard-shortcut first-keystroke="shift meta a" />
    <keyboard-shortcut first-keystroke="meta i" />
  </action>
  <action id="GotoLine" />
  <action id="GotoNextBookmark">
    <keyboard-shortcut first-keystroke="shift meta period" />
  </action>
  <action id="GotoNextError">
    <keyboard-shortcut first-keystroke="f2" />
    <keyboard-shortcut first-keystroke="ctrl meta alt close_bracket" />
  </action>
  <action id="GotoPreviousBookmark">
    <keyboard-shortcut first-keystroke="shift meta comma" />
  </action>
  <action id="GotoPreviousError">
    <keyboard-shortcut first-keystroke="shift f2" />
    <keyboard-shortcut first-keystroke="ctrl meta alt open_bracket" />
  </action>
  <action id="Hg.Commit.And.Push.Executor" />
  <action id="HideAllWindows">
    <keyboard-shortcut first-keystroke="shift meta f12" />
    <keyboard-shortcut first-keystroke="meta 0" />
  </action>
  <action id="HippieBackwardCompletion">
    <keyboard-shortcut first-keystroke="meta k" />
  </action>
  <action id="HippieCompletion">
    <keyboard-shortcut first-keystroke="shift ctrl n" />
    <keyboard-shortcut first-keystroke="shift meta k" />
  </action>
  <action id="IncrementWindowHeight" />
  <action id="InspectCode">
    <keyboard-shortcut first-keystroke="ctrl alt i" />
  </action>
  <action id="IntroduceField" />
  <action id="IntroduceParameter" />
  <action id="IpnbRunAllCellsAction" />
  <action id="Jdbc.OpenConsole.New" />
  <action id="Jdbc.OpenConsole.New.Generate" />
  <action id="ManageRecentProjects">
    <keyboard-shortcut first-keystroke="alt o" />
  </action>
  <action id="MethodDown" />
  <action id="MethodUp" />
  <action id="MoveLineDown">
    <keyboard-shortcut first-keystroke="shift alt down" />
    <keyboard-shortcut first-keystroke="shift alt j" />
  </action>
  <action id="MoveLineUp">
    <keyboard-shortcut first-keystroke="shift alt up" />
    <keyboard-shortcut first-keystroke="shift alt k" />
  </action>
  <action id="MoveStatementDown" />
  <action id="MoveStatementUp" />
  <action id="NextDiff">
    <keyboard-shortcut first-keystroke="f7" />
    <keyboard-shortcut first-keystroke="ctrl close_bracket" />
    <keyboard-shortcut first-keystroke="shift meta close_bracket" />
  </action>
  <action id="NextEditorTab" />
  <action id="NextTab">
    <keyboard-shortcut first-keystroke="ctrl right" />
  </action>
  <action id="PreviousDiff">
    <keyboard-shortcut first-keystroke="shift f7" />
    <keyboard-shortcut first-keystroke="ctrl open_bracket" />
    <keyboard-shortcut first-keystroke="shift meta open_bracket" />
  </action>
  <action id="PreviousEditorTab" />
  <action id="PreviousTab">
    <keyboard-shortcut first-keystroke="ctrl left" />
  </action>
  <action id="QuickImplementations">
    <keyboard-shortcut first-keystroke="alt space" />
    <keyboard-shortcut first-keystroke="meta y" />
    <keyboard-shortcut first-keystroke="ctrl d" />
  </action>
  <action id="QuickJavaDoc">
    <keyboard-shortcut first-keystroke="f1" />
    <mouse-shortcut keystroke="control button2" />
    <keyboard-shortcut first-keystroke="ctrl q" />
  </action>
  <action id="RecentFiles">
    <keyboard-shortcut first-keystroke="meta e" />
    <keyboard-shortcut first-keystroke="ctrl quote" />
  </action>
  <action id="Refresh" />
  <action id="RemoteHostView.Rename">
    <keyboard-shortcut first-keystroke="shift f6" />
    <keyboard-shortcut first-keystroke="ctrl r" />
  </action>
  <action id="RenameElement">
    <keyboard-shortcut first-keystroke="shift f6" />
    <keyboard-shortcut first-keystroke="ctrl r" />
  </action>
  <action id="Rerun" />
  <action id="RerunFailedTests">
    <keyboard-shortcut first-keystroke="shift ctrl f" />
  </action>
  <action id="ResetColumnsWidth" />
  <action id="ResizeToolWindowDown" />
  <action id="ResizeToolWindowLeft" />
  <action id="ResizeToolWindowRight" />
  <action id="ResizeToolWindowUp" />
  <action id="Run" />
  <action id="RunDashboard.CopyConfiguration" />
  <action id="SelectIn">
    <keyboard-shortcut first-keystroke="alt f1" />
    <keyboard-shortcut first-keystroke="alt back_quote" />
    <keyboard-shortcut first-keystroke="shift meta s" />
  </action>
  <action id="SendEOF" />
  <action id="ServiceView.GroupByServiceGroups" />
  <action id="ShelveChanges.UnshelveWithDialog" />
  <action id="ShowBookmarks">
    <keyboard-shortcut first-keystroke="meta f3" />
    <keyboard-shortcut first-keystroke="shift alt m" />
  </action>
  <action id="ShowContent" />
  <action id="ShowErrorDescription">
    <keyboard-shortcut first-keystroke="meta f1" />
    <keyboard-shortcut first-keystroke="ctrl s" />
  </action>
  <action id="ShowNavBar">
    <keyboard-shortcut first-keystroke="alt home" />
  </action>
  <action id="ShowReformatFileDialog" />
  <action id="TodoViewGroupByShowPackages" />
  <action id="ToggleBookmark">
    <keyboard-shortcut first-keystroke="f3" />
    <keyboard-shortcut first-keystroke="shift meta m" />
  </action>
  <action id="ToggleDistractionFreeMode">
    <keyboard-shortcut first-keystroke="ctrl meta s" />
  </action>
  <action id="ToggleZenMode">
    <keyboard-shortcut first-keystroke="ctrl meta z" />
  </action>
  <action id="Tool_External Tools_Black formatter">
    <keyboard-shortcut first-keystroke="shift meta alt l" />
  </action>
  <action id="TypeHierarchy" />
  <action id="TypeHierarchyBase.BaseOnThisType" />
  <action id="Uml.ShowDiff" />
  <action id="UsageGrouping.Directory" />
  <action id="UsageGrouping.DirectoryStructure" />
  <action id="UsageGrouping.FileStructure" />
  <action id="Vcs.EditSource">
    <keyboard-shortcut first-keystroke="f4" />
  </action>
  <action id="Vcs.Log.FocusTextFilter" />
  <action id="Vcs.Log.Refresh" />
  <action id="Vcs.MoveChangedLinesToChangelist" />
  <action id="Vcs.Push">
    <keyboard-shortcut first-keystroke="meta alt p" />
  </action>
  <action id="Vcs.ShowHistoryForBlock">
    <keyboard-shortcut first-keystroke="meta alt s" />
  </action>
  <action id="Vcs.ShowTabbedFileHistory">
    <keyboard-shortcut first-keystroke="meta alt i" />
  </action>
  <action id="VimPluginToggle">
    <keyboard-shortcut first-keystroke="ctrl alt v" />
  </action>
  <action id="XDebugger.CopyWatch" />
  <action id="XDebugger.JumpToSource">
    <keyboard-shortcut first-keystroke="f4" />
  </action>
  <action id="hg4idea.QRefresh" />
  <action id="hg4idea.add" />
  <action id="openAssertEqualsDiff" />
</keymap>